date,time spent,kind of task,description
2026-04-13,2h,meeting,"Reunião de kickoff de modernização do projeto: Alinhamento sobre o roadmap de modernização do repositório Linx UX, avaliação da stack de tecnologias legadas e marcos principais de entrega. | Reunião de integração e alinhamento com Marcelo Padial e Francisco Solano: Discussão sobre integração aos produtos Linx UX, configuração de acesso ao repositório TFVC e configuração da VPN Azure."
2026-04-13,3h 30m,definitions,"Auditoria e levantamento de arquitetura do sistema: Mapeamento da topografia do código legado abrangendo Linx Framework 6.0, ASP.NET MVC, WCF RIA Services e topologia de hospedagem no Windows IIS. | Configuração de ambiente e levantamento de acessos: Configuração de acesso ao Azure DevOps Linx-shopping, mapeamento de workspace TFVC para Linx UX / OmniPOS e verificação de dependências locais de compilação."
2026-04-13,2h 30m,coding,"Exploração do ambiente local: Configuração das ferramentas de desenvolvimento locais, mapeamento do grafo de dependências entre arquivos .sln e benchmark da execução local do MSBuild."
2026-04-14,1h,meeting,"Alinhamento técnico com Francisco Solano: Visão geral da arquitetura do instalador do Linx UX, dependências de runtime e configuração de hospedagem local no IIS."
2026-04-14,3h 30m,definitions,"Catalogação de dependências de projetos e soluções: Definição do catálogo com mais de 40 referências de projetos em Main/Application, Main/Business, Main/Common e Main/Data. | Diagnóstico do ambiente de desenvolvimento local: Avaliação dos requisitos da estação de desenvolvimento, pré-requisitos do ambiente Windows e ferramentas de build para a stack legada do Linx UX."
2026-04-14,3h,coding,"Testes de resolução de dependências: Verificação de redirecionamentos de binding de assemblies, DLLs de terceiros versionadas em Main/Binary/Library e identificação de referências a pacotes descontinuados."
2026-04-15,1h 45m,meeting,"Alinhamento técnico sobre desacoplamento monolítico: Discussão de estratégias para separação dos serviços centrais de autorização dos componentes monolíticos de UI. | Sessão de pareamento e solução de problemas com Francisco Solano: Validação da execução em tempo de execução do Linx UX local, resolução de falhas de build e análise da estrutura dos projetos da solution."
2026-04-15,3h,definitions,"Diretrizes de ramificação e controle de versão do repositório: Definição do fluxo de trabalho git, convenções de nomenclatura de branches (`feature/*`, `cursor/*`) e padrões de mensagens de commit. | Análise da arquitetura da solução Linx UX: Análise da hierarquia de componentes centrais, roteamento ASP.NET MVC e pontos de integração com os domain services de backend."
2026-04-15,2h 45m,coding,Prototipação de scripts de build: Prototipação de scripts de compilação automatizada em lote para as soluções Linx.Framework.BV e Linx.Internet.Application.
2026-04-16,45m,meeting,"Alinhamento de DevOps e repasse da base de código com Francisco Solano: Alinhamento sobre distribuição de tarefas, contatos de apoio de arquitetura (Pedro / Matheus) e prioridades da sprint."
2026-04-16,1h 30m,definitions,"Especificação do ambiente de execução: Definição dos requisitos de ambiente de execução de destino (.NET Framework 4.6.1, IIS 10, ASP.NET State Service, SQL Server 2016+)."
2026-04-16,3h 30m,coding,"Provisionamento de sites locais no IIS: Criação de scripts para bindings locais no IIS para Application (8080/8174), Portal (8081/8172) e Service (1710/8082)."
2026-04-17,1h 45m,meeting,Retrospectiva de arquitetura e alinhamento semanal: Revisão dos resultados da auditoria de arquitetura da primeira semana e conclusão do diagnóstico da Fase 1. | Alinhamento e refinamento de tarefas com Marcelo Padial e Francisco Solano: Esclarecimento dos requisitos de ENTERMODA-19707 (Regras de complexidade de senha) e arquitetura do repositório de core do framework.
2026-04-17,3h,definitions,"Registro de riscos técnicos: Documentação de itens de débito técnico, incluindo dependências legadas do shell desktop CefSharp e connection strings SQL fixas no código. | Análise de requisitos de complexidade de senha: Pesquisa dos padrões de políticas DEVSEC para validação de senhas no Linx UX (maiúsculas, minúsculas, dígitos, caracteres especiais e tamanho mínimo)."
2026-04-17,2h 30m,coding,Limpeza da solução e saneamento de referências: Remoção de referências de projetos quebradas em Linx.Framework.Setup e Linx.Business.Tools.Library.
2026-04-20,1h 20m,meeting,"Reunião Teams com Marcelo Padial (11:29 - 11:51, gravada): Refinamento da ENTERMODA-19707 (Boticário - Linx UX política de senhas e regras de controle de acesso). | Reunião Teams com Marcelo Padial (14:08 - 15:02, gravada): Análise aprofundada do comportamento do provider ASP.NET Membership, mecanismos de bloqueio e componentes de gerenciamento de complexidade de senhas."
2026-04-20,3h 30m,definitions,"Avaliação da arquitetura WCF RIA Services: Análise dos contratos Linx.Framework.BV.WebAPI.DS e estruturas de proxies gerados no lado cliente. | Detalhamento de tarefas e levantamento de arquitetura para ENTERMODA-19707: Definição do roadmap de implementação para regras de complexidade de senha (prazo 30/06/2026), status de usuário bloqueado e tratamento de no máximo 3 tentativas inválidas (prazo 31/07/2026)."
2026-04-20,3h 30m,coding,Exploração de contratos de DomainService: Mapeamento de endpoints de operação de DomainService em UsuarioAutorizacaoDomainService e AutorizacaoDomainService.
2026-04-21,45m,meeting,Alinhamento técnico sobre SDK de RIA Services: Tratamento de problemas de instalação do SDK descontinuado do Microsoft WCF RIA Services em agentes de build modernos.
2026-04-21,1h 30m,definitions,Especificação de inclusão direta do SDK (vendoring): Definição de estratégia de versionamento de binários do SDK de RIA diretamente em Main/Binary/Library.
2026-04-21,2h 45m,coding,Implementação da inclusão de binários do SDK: Isolamento e versionamento dos assemblies Microsoft.ServiceModel.DomainServices para permitir compilação MSBuild sem necessidade do instalador do SDK.
2026-04-22,45m,meeting,Reunião de alinhamento de refinamento com Marcelo Padial e PO Thiago: Revisão das especificações DEVSEC de complexidade de senha e fluxo de validação de bloqueio de usuário no Portal.
2026-04-22,1h 30m,definitions,Arquitetura de geração de Business Model (BM): Documentação do pipeline de geração de código a partir de modelos DSL BM para entidades C# e scripts SQL.
2026-04-22,3h 30m,coding,Verificação de build de BM: Validação das saídas de compilação de Linx.Framework.Autorizacao.BM e Linx.Framework.ControleSistema.BM.
2026-04-23,45m,meeting,Alinhamento de contratos entre módulos: Revisão dos contratos de dados entre o backend Linx.DataService e o frontend Linx.Internet.Application.
2026-04-23,2h,definitions,Especificações de protocolo do ServiceBus: Documentação de estruturas de payload HTTP/JSON e XML trocadas entre Service e Application. | Levantamento de permissões de banco de dados e framework: Verificação das permissões de conexão a bancos de dados e acesso à solução de core do framework para implementação da complexidade de senha.
2026-04-23,2h 45m,coding,Testes de endpoints do ServiceBus: Criação de testes de integração locais mockados verificando autorização no ServiceBus e validação de sessão da empresa.
2026-04-24,1h,meeting,Revisão semanal de engenharia: Avaliação do isolamento de build do WCF RIA Services e aprovação da abordagem de inclusão de binários do SDK.
2026-04-24,2h,definitions,Plano de refatoração de DomainService: Documentação do roadmap para futura migração de REST APIs mantendo compatibilidade retroativa com endpoints de DomainService. | Diagnóstico e solução de problemas de rede e ambiente: Investigação de problemas de queda de conexão VPN afetando a conectividade com banco de dados remoto e serviços IIS durante a execução local do UX.
2026-04-24,3h,coding,Protótipo de refatoração: Criação de camadas wrapper em torno de LinxFrameworkAutorizacao para desacoplar consultas de banco de dados dos contextos WCF.
2026-04-27,3h,definitions,"Levantamento de arquitetura de frameworks frontend: Avaliação do uso de AngularJS, Breeze.js, Durandal e Knockout.js em Linx.Framework.BV.SPA. | Análise de políticas DEVSEC (AUTO-56058 / NR_70.007_SI): Documentação dos requisitos de segurança — mínimo de 12 caracteres, classes de caracteres, proibição de sequências sequenciais (ex.: 12345/123456) e proteção contra ataques de dicionário."
2026-04-27,3h 30m,coding,"Análise de empacotamento de assets de SPA: Mapeamento dos pipelines de empacotamento de assets (Bundler 1.1.31, Less, Sass, WebBundleResources) e identificação de gargalos de minificação."
2026-04-28,45m,meeting,"Alinhamento de modernização de UI: Discussão sobre melhorias de layout responsivo, reestruturação da navegação e planejamento do footer fixo persistente."
2026-04-28,2h 30m,definitions,"Padrões de layout de UI e responsividade: Especificação de breakpoints responsivos, padrões de layout CSS Grid e diretrizes de escala de fontes entre temas. | Validação de build do core do framework e planejamento de testes: Compilação dos assemblies de Linx Framework Core e planejamento de cenários de teste para aplicação das políticas do ASP.NET Membership no UX."
2026-04-28,2h 45m,coding,Otimização de pacotes CSS: Limpeza de folhas de estilo duplicadas em WebBundleResources e modernização de plugins FontAwesome / Bootstrap.
2026-04-29,2h,definitions,Especificação de metadados de entidades Breeze.js: Mapeamento de schemas de entidades Breeze e rastreamento de alterações no cliente para UsuarioAutorizacao. | Alinhamento sobre questionário de integração e API do Omni POS com Marcelo Padial: Alinhamento de agenda e solicitação de abertura de tarefa para horas de onboarding.
2026-04-29,3h 30m,coding,Depuração de contexto cliente: Análise da execução de queries do EntityManager do Breeze.js em UsuarioAutorizacaoContext.js.
2026-04-30,1h 15m,meeting,Alinhamento técnico sobre roteamento SPA: Alinhamento sobre eventos de navegação do roteador Durandal e suporte a deep linking em visualizações de módulos específicos. | Reunião diária (Daily UX) com Marcelo Padial e alinhamento técnico com Francisco Solano sobre avanços na compilação do Linx Framework.
2026-04-30,1h 30m,definitions,"Taxonomia de navegação da aplicação: Documentação do mapa de rotas para Linx-Administrativo, Utilitario-Local e Cadastro-de-Usuarios."
2026-04-30,2h 45m,coding,Testes de ciclo de vida de navegação: Instrumentação de eventos do ciclo de vida de navegação da casca para traçar tempos de carregamento de tela.
2026-05-01,1h,meeting,Revisão semanal de sprint: Apresentação dos resultados sobre empacotamento de assets SPA e definição de melhorias na responsividade da interface.
2026-05-01,1h,definitions,Roadmap de modernização frontend: Elaboração de plano em fases para atualização de bibliotecas JavaScript legadas e componentes de estilização.
2026-05-01,3h,coding,Protótipo de modernização de temas: Testes com variáveis CSS e integração tipográfica da fonte Dosis para telas do Portal.
2026-05-04,2h 15m,definitions,"Especificação do ciclo de vida de autenticação: Documentação do fluxo completo de autenticação abrangendo login no Portal, emissão de cookie ASPXAUTH e redirecionamento para a Aplicação. | Configuração e alinhamento de tarefas de Onboarding (ENTERMODA-39426) e regras de senha (ENTERMODA-19707 / ENTERMODA-38094) em OPEX com Marcelo Padial."
2026-05-04,3h 30m,coding,Exploração de AccountController: Análise do pipeline de autenticação do AccountController e lógica de inicialização de sessão no Linx.Portal.
2026-05-05,45m,meeting,"Alinhamento de arquitetura de segurança: Alinhamento sobre segurança de tokens, padrões de criptografia e proteções de cookies de sessão (HttpOnly, Secure, SameSite)."
2026-05-05,1h 30m,definitions,"Definição de padrões criptográficos: Especificação dos algoritmos de Linx.Security.Cryptography (AES-256, HMAC-SHA256) e isolamento de seed de chaves."
2026-05-05,2h 45m,coding,Testes de wrapper de criptografia: Verificação da consistência de criptografia/descriptografia de Linx.Security.Cryptography no .NET Framework 4.6.1 e .NET Core 2.0.
2026-05-06,2h,definitions,"Requisitos de auditoria de acesso (LX_TCS.TCS_LOG_ACESSO_AUTH): Definição do schema de log de segurança para tentativas de autenticação, endereços IP e códigos de falha. | Mapeamento de tarefas e alinhamento de acessos no share corporativo e fluxo de reemissão de vale presente com Marcelo Padial e André."
2026-05-06,3h 30m,coding,Prototipação de serviço de auditoria: Implementação de métodos auxiliares iniciais de logging em Linx.Framework.BV para captura de eventos de autenticação.
2026-05-07,45m,meeting,Revisão de conformidade de segurança: Revisão da cobertura de logs de auditoria e validação da aderência aos requisitos de segurança corporativa.
2026-05-07,1h 30m,definitions,Política de exclusão de usuários de serviço: Especificação de critérios para usuários de serviço (INDICA_USUARIO_SERVICO) e regras de bypass de autenticação Windows.
2026-05-07,2h 45m,coding,Implementação de filtro de usuário de serviço: Adição de verificações condicionais em rotinas de autorização para ignorar políticas de segurança interativas para contas de serviço automatizadas.
2026-05-08,1h,meeting,Revisão semanal de marcos de segurança: Validação da documentação do ciclo de vida de autenticação e aprovação do schema de auditoria de acessos.
2026-05-08,1h 30m,definitions,Política de retenção de dados de auditoria: Definição de estratégia de indexação e particionamento para tabelas de log de autenticação de alto volume. | Validação de transição de tarefas para o ambiente de DEV e alinhamento de entregas com Marcelo Padial.
2026-05-08,3h,coding,Elaboração de scripts SQL: Criação de scripts DDL preliminares para TCS_LOG_ACESSO_AUTH com índices em ID_USUARIO e DATA_ACESSO.
2026-05-11,1h 30m,definitions,Avaliação da arquitetura de Single Sign-On: Avaliação de padrões de integração com Azure AD / Microsoft Entra ID baseando-se na implementação de produção do OmniPOS.
2026-05-11,3h 30m,coding,Benchmark da biblioteca MSAL: Testes com Microsoft.Identity.Client (MSAL 4.54) em aplicações web .NET Framework 4.6.1.
2026-05-12,45m,meeting,Alinhamento de identidade SSO: Discussão sobre regras de mapeamento de User Principal Name (UPN) para usuário local (NOME_AUTENTICACAO).
2026-05-12,1h 30m,definitions,"Especificação de configurações SSO: Definição de parâmetros de PortalSettings (SSO_CLIENT_ID, SSO_TENANT_ID, SSO_REDIRECT_URI, SSO_PERMITE_OFFLINE)."
2026-05-12,2h 45m,coding,Protótipo de parser de configuração: Implementação do modelo AzureAdOptions e leitor de configurações Web.config no Linx.Portal.
2026-05-13,1h 30m,definitions,"Design de callback SSO e cache de token: Desenho do endpoint SsoCallback, validação do parâmetro state e interface de cache distribuído de tokens."
2026-05-13,3h 30m,coding,Protótipo de MsalAuthenticationService: Construção de prova de conceito inicial de MsalAuthenticationService implementando IConfidentialClientApplication.
2026-05-14,45m,meeting,Alinhamento de contingência e login offline de SSO: Alinhamento para manter fallback de senha e acesso de contingência quando o Azure AD estiver inacessível.
2026-05-14,1h 30m,definitions,"Especificações de segurança de SSO: Especificação de proteção de client secret, prevenção de push-protection no git e padrões de injeção dinâmica no IIS."
2026-05-14,2h 45m,coding,Implementação de armazenamento de cache de tokens: Construção de FileTokenCacheStore com persistência de cache criptografado no host local.
2026-05-15,1h,meeting,Revisão semanal de arquitetura SSO: Apresentação de documentos de design de SSO e demonstração de geração de URL de autorização via confidential client.
2026-05-15,1h,definitions,Minuta do guia de deploy de SSO: Elaboração do guia inicial de configuração de redirect URIs no Azure App Registration e permissões de API (User.Read).
2026-05-15,3h,coding,Integração mockada de SSO: Simulação de respostas de autorização do Azure AD e validação da extração de claims de AuthenticatedUser.
2026-05-18,1h 30m,definitions,Design de arquitetura do MFA TOTP: Levantamento do algoritmo RFC 6238 Time-Based One-Time Password para Google Authenticator e Microsoft Authenticator.
2026-05-18,3h 30m,coding,Prototipação do algoritmo TOTP: Implementação em C# do algoritmo HMAC-SHA1 RFC 6238 com passos de tempo de 30 segundos e geração de segredo Base32.
2026-05-19,45m,meeting,"Alinhamento de fluxo e UX do MFA: Definição de que o desafio de MFA deve ocorrer após a seleção da empresa (GPECON), e não na tela inicial de login."
2026-05-19,1h 30m,definitions,Especificação do modelo de dados do MFA: Definição de schema para TCS_GPECON_MFA (política por empresa) e TCS_USUARIO_MFA (cadastro de segredo do usuário).
2026-05-19,2h 45m,coding,Testes de geração de QR Code: Integração de renderização de QR Code via URIs `otpauth://totp/` e avaliação de renderização cliente vs servidor.
2026-05-20,1h 30m,definitions,Especificação do ciclo de vida de tickets MFA: Definição do formato do token de ticket MFA criptografado e de curta duração passado do Portal para a Aplicação.
2026-05-20,3h 30m,coding,Prototipação de criptografia de tickets: Criação de helpers de geração e validação de tickets utilizando timestamps Unix e criptografia AES.
2026-05-21,45m,meeting,"Alinhamento de origem e suporte multi-aplicação do MFA: Definição dos códigos tableOrigin (UX, PDV, CLIENTE_CONNECT) para suportar futura expansão para o POS."
2026-05-21,2h 15m,definitions,"Especificação de regras de skip de MFA: Documentação das condições exatas de bypass (usuários de serviço, autenticação Windows, empresa desabilitada, flag de usuário inativa). | Repasse da implementação de complexidade de senha (ENTERMODA-39614): Alinhamento da estratégia de deploy nas 3 telas principais do UX: cadastro de usuário em configuração, manutenção de usuários administrativa e modal de alteração de senha (Linx.Framework.BV.SPA e Linx.Internet.Application.Framework)."
2026-05-21,2h 45m,coding,Implementação da lógica de regras de skip: Desenvolvimento da avaliação de regras de skip no AutorizacaoDomainService.
2026-05-22,1h,meeting,"Revisão semanal de MFA e validação de segurança: Apresentação de diagramas de fluxo de MFA completos, modelos de dados e arquitetura de validação de tickets."
2026-05-22,1h,definitions,Especificação de política de bloqueio do MFA: Definição do limite de 5 falhas consecutivas gerando bloqueio temporário de 15 minutos para verificação TOTP.
2026-05-22,3h,coding,Testes de contadores de bloqueio: Simulação de tentativas de força bruta e validação do comportamento de cooldown de DATA_BLOQUEIO_ATE.
2026-05-25,1h 30m,definitions,Especificação de política e recuperação de senhas: Detalhamento dos requisitos de tempo de vida de 5 minutos para link de redefinição de senha e parâmetros de URL criptografados.
2026-05-25,3h 30m,coding,"Implementação de token de redefinição de senha: Criação de gerador de tokens incorporando GUID do usuário, timestamp e assinatura HMAC."
2026-05-26,45m,meeting,Alinhamento de serviço de e-mail e SMTP: Revisão de requisitos de relay SMTP corporativo da Linx e compatibilidade com Office 365.
2026-05-26,1h 30m,definitions,Especificação de templates de e-mail de senha: Formatação de templates de e-mail HTML/texto com avisos de segurança e links de redefinição de senha.
2026-05-26,2h 45m,coding,Desenvolvimento de envio de e-mails via SMTP: Construção de serviço de envio assíncrono com lógica de retentativas e configuração de host de fallback.
2026-05-27,1h 30m,definitions,Especificação de janela deslizante de bloqueio de conta: Especificação de contador de 5 falhas em janela deslizante e interface administrativa de desbloqueio.
2026-05-27,3h 30m,coding,Rastreamento de contadores de bloqueio: Implementação de incrementos no contador de falhas em Linx.Framework.BV integrado a TCS_LOG_ACESSO_AUTH.
2026-05-28,45m,meeting,Alinhamento de interface de desbloqueio administrativo: Revisão dos requisitos para desbloquear usuários travados em Cadastro e Manutenção de Usuários e Usuário (Server).
2026-05-28,1h 30m,definitions,"Wireframes de UI administrativa: Design de telas para botão de desbloqueio, badges de status (Ativo/Bloqueado) e aba de histórico de auditoria de usuário."
2026-05-28,2h 45m,coding,Prototipação de UI administrativa: Criação de bindings Knockout.js e botões de barra de ferramentas de dados para ações de desbloqueio de usuário.
2026-05-29,1h,meeting,Revisão semanal de senhas e bloqueios: Demonstração ponta a ponta de geração de e-mail de redefinição de senha e desbloqueio administrativo de conta.
2026-05-29,1h,definitions,"Checklist de auditoria de segurança: Elaboração de checklist de conformidade para complexidade de senha, bloqueio de contas e eventos de auditoria de auto-desbloqueio."
2026-05-29,3h,coding,Integração de auto-desbloqueio: Conexão do desbloqueio automático de conta após alteração de senha bem-sucedida via link de e-mail autenticado.
2026-06-01,1h 30m,definitions,"Auditoria da camada de acesso a dados: Análise de mapeamentos Entity Framework 6.x, providers de dados Linx.Data.Core e pool de conexões SQL Server."
2026-06-01,3h 30m,coding,"Perfilamento de connection strings SQL: Investigação de comportamento de connection strings, remoção de senha pelo EF após Open inicial e tratamento de timeouts."
2026-06-02,45m,meeting,"Alinhamento de conectividade de banco de dados: Revisão da topologia de banco de dados do QA 3-12 (tcp:10.16.0.4,1433) e roteamento de firewall."
2026-06-02,1h 30m,definitions,Padrão de resiliência de conexões de banco de dados: Especificação de lógica de retentativa para interrupções transitórias de rede e esgotamento de pool de conexões.
2026-06-02,2h 45m,coding,Implementação de resiliência de conexão: Adição de configuração explícita de timeout de conexão e lógica de retentativa em Linx.Data.
2026-06-03,1h 30m,definitions,Mapeamento de stored procedures e schema: Mapeamento de stored procedures legadas utilizadas pelo login do Portal e autorização de usuários.
2026-06-03,3h 30m,coding,Otimização de consultas: Otimização de consultas LINQ-to-Entities em UsuarioAutorizacaoDomainService para eliminação de roundtrips N+1.
2026-06-04,45m,meeting,Reunião de revisão da camada de dados: Alinhamento sobre scripts de migração de banco vs scripts DDL manuais para tabelas LX_TCS.
2026-06-04,1h 30m,definitions,Padrão de scripts DDL manuais: Estabelecimento do padrão de uso de scripts DDL SQL puros para tabelas LX_TCS (seguindo o padrão de TCS_LOG_ACESSO_AUTH).
2026-06-04,2h 45m,coding,"Consolidação de scripts DDL: Consolidação de scripts de criação de tabelas para TCS_LOG_ACESSO_AUTH, TCS_GPECON_MFA e TCS_USUARIO_MFA."
2026-06-05,1h 20m,meeting,"Revisão semanal da camada de dados: Revisão de benchmarks de desempenho de banco de dados e validação da execução limpa de scripts DDL. | Chamada Teams com Marcelo Padial e Luiz Henrique Santos (16:32, 19m 25s): Discussão sobre validação de QA para caracteres repetidos/sequenciais na aplicação de regras de complexidade de senha."
2026-06-05,1h,definitions,"Checklist de deploy de banco de dados: Criação de checklist para execução de migrações SQL em ambientes de DEV, QA e homologação."
2026-06-05,3h,coding,Executor de migrações de banco: Desenvolvimento de script PowerShell auxiliar para execução de scripts de migração SQL com capacidade de rollback.
2026-06-08,1h 30m,definitions,Levantamento de arquitetura multi-empresa: Análise da hierarquia multi-tenant GPECON (Grupo Econômico) e associação com ambientes.
2026-06-08,3h 30m,coding,Análise de roteamento de seleção de empresa: Rastreamento das regras de exibição de lista de ambientes e auto-redirecionamento em PortalUserAccess e HomeController.
2026-06-09,1h 15m,meeting,Alinhamento de filtros de exportação por GpeCon: Discussão de requisitos para inclusão de código GpeCon em grids de exportação de dados em todas as telas administrativas. | Validação e aprovação com QA (QA/Seg Senha Padial e Luiz): Validação de casos de teste de sequências de caracteres e caracteres especiais com Luiz Henrique Santos; aprovação das evidências de ENTERMODA-39614 para deploy.
2026-06-09,1h 30m,definitions,Especificação de grid de exportação: Especificação de definições de colunas e parâmetros de exportação para códigos de empresa GpeCon em grids de usuários.
2026-06-09,2h 45m,coding,Prototipação de filtro de exportação: Prototipação de adições de coluna GpeCon em modelos de domínio de visão de negócio em Linx.Framework.BV.
2026-06-10,1h 30m,definitions,Arquitetura de redirecionamento de ambiente e domínio de cookies: Definição de isolamento de cookies e parâmetros de redirecionamento entre Portal (:8172) e Aplicação (:8174).
2026-06-10,3h 30m,coding,Refatoração de handler de redirecionamento: Refatoração de Home/Redirect para suportar desafio intersticial de MFA antes de concluir o redirecionamento para a Aplicação.
2026-06-11,45m,meeting,Alinhamento de testes multi-ambiente: Revisão do comportamento de troca de ambientes para usuários com acesso a múltiplas empresas GPECON.
2026-06-11,1h 30m,definitions,Padrão de isolamento de MFA por empresa: Definição da regra de que cada GPECON mantém cadastro TOTP independente e política corporativa própria.
2026-06-11,2h 45m,coding,Testes de TOTP multi-empresa: Verificação de que a troca de GPECON solicita o segredo TOTP específico da empresa sem contaminação entre tenants.
2026-06-12,1h,meeting,Revisão semanal de GPECON: Avaliação de alterações de roteamento multi-empresa e aprovação do plano de implementação do filtro de exportação GpeCon.
2026-06-12,1h,definitions,Matriz de configuração de ambientes: Documentação do mapeamento entre registros SQL TCS_AMBIENTE e URLs de sites no IIS.
2026-06-12,3h,coding,Polimento na renderização de lista de ambientes: Melhoria na responsividade da tela de seleção de ambiente do Portal e formatação de badges de empresa.
2026-06-15,1h 30m,definitions,"Auditoria da arquitetura do sistema de build: Análise de configurações de projetos MSBuild, frameworks de destino (.NET 4.6.1 vs .NET Core 2.0) e ordem de compilação."
2026-06-15,3h 30m,coding,Automação da sequência de build da solução: Criação de script de build mestre compilando Tools -> BV -> WebAPI -> Application -> Portal na ordem correta.
2026-06-16,45m,meeting,Alinhamento de ferramentas de build: Revisão dos pré-requisitos do Visual Studio 2022 Build Tools e parâmetros de descoberta do vswhere.
2026-06-16,1h 30m,definitions,"Especificação do ambiente automatizado de build: Especificação de workloads necessários do MSBuild (WebBuildTools, NETFX 4.6.1 DevPack, NuGet CLI)."
2026-06-16,2h 45m,coding,"Integração com vswhere: Script de localização robusta do MSBuild suportando instalações Build Tools 2022, Enterprise e Professional."
2026-06-17,1h 30m,definitions,Especificação do Web Publishing Pipeline (WPP): Definição de targets de publicação MSBuild (/p:DeployOnBuild=true /p:PublishProfile) para empacotamento web limpo.
2026-06-17,3h 30m,coding,Prototipação de empacotamento WPP: Implementação da extração de PackageTmp para Linx.Internet.Application e Linx.Portal.
2026-06-18,45m,meeting,Alinhamento de otimização de runners de CI: Discussão de estratégias para cache de artefatos intermediários e minimização do tempo de execução do pipeline de CI.
2026-06-18,1h 30m,definitions,Especificação de cache de build incremental: Especificação de regras para preservação de diretórios obj em C:\lx\si-pdr durante builds automatizados.
2026-06-18,2h 45m,coding,Script de sincronização via Robocopy: Desenvolvimento de lógica de sincronização com robocopy para mesclar novas revisões de código sem apagar caches obj compilados.
2026-06-19,1h,meeting,Revisão semanal de automação de build: Validação da execução de build ponta a ponta via linha de comando e aprovação da estratégia de empacotamento WPP.
2026-06-19,1h,definitions,"Guia de triagem de falhas de build: Documentação de códigos de erro comuns do MSBuild (MSB3644, MSB4226, CS0103) e etapas de remediação."
2026-06-19,3h,coding,Parser de erros de build: Criação de utilitário PowerShell para interpretar logs do MSBuild e extrair erros da execução atual.
2026-06-22,1h 30m,definitions,Design da arquitetura de deploy na AWS: Desenho da topologia de deploy automatizado via GitHub Actions -> S3 -> EC2 SSM em host Windows compartilhado.
2026-06-22,3h 30m,coding,Protótipo de integração com AWS SSM: Testes de execução de comandos via AWS Systems Manager Send-Command e tratamento de limites de captura de stdout (limite de 24KB).
2026-06-23,2h,meeting,"Alinhamento de infraestrutura AWS e segurança: Alinhamento sobre provisionamento de instância EC2 compartilhada (t3.small em sa-east-1), roles IAM e políticas de buckets S3. | Chamada Teams com Marcelo Padial e Thiago Vieira (11:40 - 12:33, 1h 14m 42s): Refinamento de arquitetura e segurança para ENTERMODA-41064 / REQ_DEVSEC_16 (Mecanismo de bloqueio de usuário, contadores de tentativas e fluxo de notificação de desbloqueio)."
2026-06-23,3h,definitions,"Especificação da topologia de sites IIS: Especificação de atribuição de portas (:8172 Portal, :8174 Application, :1710 Service) e bindings secundários de aliases (:8081, :8080, :8082). | Especificação da arquitetura técnica para ENTERMODA-39614 / ENTERMODA-41064: Definição do roadmap de 6 pontos para botão de desbloqueio no cadastro de usuários, flag de status bloqueado, geração de link de e-mail de desbloqueio, tabela de auditoria de bloqueios e modal de redefinição de senha no login."
2026-06-23,2h 45m,coding,"Desenvolvimento do script Ensure-IisSiPdr: Criação de script PowerShell para automatizar criação de sites IIS, configuração de application pools e regras de firewall."
2026-06-24,1h 30m,definitions,"Especificação do ciclo de vida de Application Pools no IIS: Definição de procedimentos de graceful shutdown, liberação de assemblies travados e inicialização explícita durante o deploy."
2026-06-24,3h 30m,coding,Automação do gerenciamento de application pools: Implementação de automação Stop-WebAppPool e Start-WebAppPool com verificação de liberação de processos.
2026-06-25,45m,meeting,Alinhamento de concorrência e recursos do host: Tratamento das restrições de memória do host (2GB RAM na t3.small) e implementação de arquivo de trava do host (C:\lx\.ci-lock).
2026-06-25,1h 30m,definitions,Especificação de exclusão mútua no host de CI: Definição do mecanismo de aquisição e liberação de trava para evitar builds concorrentes com o CI do OmniPOS.
2026-06-25,2h 45m,coding,Implementação do arquivo de trava do host: Criação de script para aquisição atômica de trava com timeout e recuperação de travas órfãs.
2026-06-26,1h,meeting,Revisão semanal de infraestrutura: Demonstração de provisionamento automatizado no IIS e verificação de execução de scripts via SSM no EC2 ponta a ponta.
2026-06-26,1h,definitions,"Minuta do runbook de deploy na AWS: Elaboração de guia operacional abrangente cobrindo acesso RDP, disparos manuais de pipeline e verificação de smoke tests."
2026-06-26,3h,coding,Desenvolvimento de script de smoke tests: Criação de script automatizado de verificação HTTP testando todos os seis bindings de portas no IIS após o deploy.
2026-06-29,2h,definitions,"Taxonomia do repositório de fontes: Mapeamento da estrutura de diretórios (Main/Application, Main/Business, Main/Common, Main/Data, Main/Binary, Main/Workarea). | Análise de requisitos de infraestrutura do servidor SMTP: Identificação de restrições de configuração do servidor SMTP no web.config para envio de tokens de redefinição de senha e desbloqueio."
2026-06-29,3h 30m,coding,"Reorganização da árvore de fontes: Reestruturação de pastas de projetos, consolidação de binários compartilhados e remoção de artefatos temporários de compilações antigas."
2026-06-30,45m,meeting,Alinhamento de configuração de módulos: Revisão da integração de moduleConfig.json e projectProperties.form em Main/Workarea.
2026-06-30,2h,definitions,Especificação de gerador de módulos (builder): Documentação da hierarquia de templates Handlebars em Main/Workarea/.builder/templates. | Coordenação do serviço de disparo de e-mails: Alinhamento com a equipe de infraestrutura sobre credenciais de autenticação de relay SMTP para e-mails automáticos de notificação do Linx UX.
2026-06-30,2h 45m,coding,"Verificação do gerador de módulos: Testes de geração de templates builder para controller, view, service e componentes SCSS."
2026-07-01,1h 30m,definitions,Arquitetura de sincronização de Web.config: Definição de regras para sincronizar arquivos Web.config de Binary para sites IIS sem sobrescrever configurações de banco de dados de QA.
2026-07-01,3h 30m,coding,Testes de XmlConfigMerge: Verificação do comportamento do utilitário pós-build XmlConfigMergeConsole e criação de salvaguardas de backup/restauração.
2026-07-02,45m,meeting,"Revisão de tarefas de workspace no VS Code: Revisão de tarefas de Developer Experience para compilação local, empacotamento e deploy no IIS."
2026-07-02,1h 30m,definitions,"Definição de tarefas no VS Code: Especificação de contratos de tarefas para Build All, Build Linx.Tools, Deploy to Linx Framework e Pack SI-PDR."
2026-07-02,2h 45m,coding,"Desenvolvimento de scripts de tarefas: Criação de .vscode/tasks.json, .vscode/stack-to-deploy.ps1 e .vscode/deploy-to-linx-framework.ps1."
2026-07-03,1h,meeting,Revisão semanal de consolidação de fontes: Validação do build completo da solução a partir de um checkout limpo utilizando as novas tarefas do VS Code.
2026-07-03,1h,definitions,"Guia de configuração para desenvolvedores: Elaboração de instruções passo a passo de integração para desenvolvedores configurando VS Code, MSBuild e IIS local."
2026-07-03,3h,coding,"Automação de validação de ambiente: Criação de script automatizado pré-voo verificando todos os SDKs, runtimes e ferramentas obrigatórias."
2026-07-06,1h 30m,definitions,Auditoria pré-importação da base de código: Realização de inventário abrangente de mais de 22.000 arquivos para garantir zero dependências não commitadas.
2026-07-06,3h 30m,coding,"Sanitização do repositório: Limpeza de artefatos temporários .suo, .user e pastas bin/obj em todos os subdiretórios."
2026-07-07,45m,meeting,"Alinhamento da linha de base do repositório Git: Alinhamento sobre a estrutura do commit inicial, exclusões de .gitignore e cronograma de inicialização do repositório."
2026-07-07,1h 30m,definitions,"Especificação de regras de .gitignore: Elaboração de .gitignore robusto cobrindo Visual Studio, IIS Express, pacotes NuGet e módulos Node."
2026-07-07,2h 45m,coding,Implementação e testes de .gitignore: Testes de .gitignore em toda a árvore de código para verificar estados limpos do diretório de trabalho.
2026-07-08,1h 30m,definitions,"Critérios de validação full-stack: Definição do plano de testes de verificação para a linha de base do commit inicial (compilação MSBuild, bindings IIS, ping ServiceBus)."
2026-07-08,3h 30m,coding,Ensaio geral de ponta a ponta: Execução de ensaio geral completo de build e publish de todas as 5 soluções principais a partir de uma working tree limpa.
2026-07-09,1h,meeting,"Revisão final de prontidão pré-commit: Aprovação final da árvore do repositório, scripts de build, documentação e prontidão para o commit inicial (Carga inicial)."
2026-07-09,1h 30m,definitions,Documentação de repasse de repositório e marcos: Documentação do resumo de conclusão da Fase 1 e definição do backlog de entregas de funcionalidades da Fase 2.
2026-07-09,2h 30m,coding,Preparação de staging do commit final: Preparação e staging de 22.076 arquivos para inicialização do repositório (Carga inicial) agendada para 10 de julho de 2026.
2026-07-10,2h,coding,Carga inicial — Commit inicial com a base de código completa do Linx UX e Framework 6.0.
2026-07-13,30m,meeting,"Reunião de status 'Status Itens Segurança' com Marcelo Padial e Francisco Solano (11:15 - 11:20, 5m 18s): Alinhamento sobre entregas de segurança e status dos marcos semanais. | Reunião de status 'Status SI - PDR' com Marcelo Padial e Francisco Solano (17:00 - 17:17, 17m 38s): Discussão sobre o progresso do pipeline AWS SI-PDR, topologia do IIS e cronograma de deploy."
2026-07-14,30m,definitions,Check-in diário Status SI-PDR: Coordenação após kickoff do projeto sobre status de deploy e verificação de complexidade de senha no Linx UX.
2026-07-15,20m,meeting,"Sincronização Status SI-PDR com Marcelo Padial, Francisco Solano e Luiz Henrique Santos (18:00 - 18:19, 18m 32s): Revisão das telas de exportação de relatórios shadow, consultas de estoque e saldo de estoque por data."
2026-07-15,5h,coding,"Adição do rodapé fixo (footer) na aplicação. | Ajuste no footer: funcionamento validado, corrigindo sobreposição do menu lateral ao alterar zoom, resolução ou redimensionar a janela. | Resolução de detalhe final do footer, tratando sombreamento do mainFooter e aplicando classe footer."
2026-07-17,1h 30m,coding,Problema do footer resolvido definitivamente.
2026-07-20,50m,meeting,"Reunião Teams 'Status SI - PDR' com Marcelo Padial e Francisco Solano (17:04 - 17:28, 49m 46s): Revisão de tarefas para proteção de endpoints sem autenticação, flag de usuário de serviço (INDICA_USUARIO_SERVICO), redirecionamento de sessão expirada e geração de link de desbloqueio."
2026-07-20,45m,definitions,"Definição de regras de segurança com Francisco Solano: botão de desbloqueio de senha, status de bloqueado no cadastro de usuário e proteção de endpoints sem autenticação."
2026-07-21,15m,meeting,"Alinhamento de acompanhamento Status SI-PDR (17:05, 13m 40s): Verificação de status da implementação de bloqueio de usuário e validação de testes unitários."
2026-07-22,20m,meeting,"Reunião Teams 'Status SI - PDR' com Marcelo Padial e Francisco Solano (15:01 - 15:19, 17m 53s): Discussão sobre resolução multi-tenant de ID_GPECON e alinhamento de schema."
2026-07-22,2h,coding,Adição de ID_GPECON no model de usuários da autenticação.
2026-07-23,30m,definitions,Auditoria de segurança nos filtros de exportação de usuários: Investigação do comportamento das queries de exportação de relatórios para garantir supressão de hashes de senha em todas as combinações de filtro.
2026-07-23,4h,coding,Filtros de pesquisa em exportação de usuários. | Correção de filtros da tela de exportação de usuários.
2026-07-24,35m,meeting,"Chamada Teams com Marcelo Padial (11:10 - 11:30, 20m 16s): Discussão sobre a correção do bug ENTERMODA-12006 / ENTERMODA-42064 referente a vazamento de dados de outras empresas no relatório de usuários. | Reunião Teams Status SI - PDR (17:11, 13m 10s): Sincronização de encerramento de semana sobre correções de bugs e rastreabilidade de branches."
2026-07-24,30m,definitions,Mapeamento do bug ENTERMODA-12006 / ENTERMODA-42064 ([FRAMEWORK] Relatório de Usuários trazendo dados de outras empresas) e padronização de nomenclatura de branch para rastreabilidade.
2026-07-24,2h 45m,coding,Correção na exibição de dados de outras empresas no relatório de exportação. | Ajuste final na tela de exportação de usuários.
2026-07-25,4h,coding,"Log de auditoria funcionando na tabela ""LX_TCS"".""TCS_LOG_ACESSO_AUTH"". | Ajustes de segurança na auditoria de acessos."
2026-07-27,1h,meeting,"Reunião Teams 'Status SI - PDR' com Marcelo Padial e Alexandre Conceição (15:32 - 16:31, 59m 6s): Revisão da implementação da flag de usuário de serviço, status de usuário bloqueado e botão de desbloqueio."
2026-07-27,45m,definitions,"Alinhamento de refinamento técnico com Marcelo Padial: implementação do campo 'indica Usuário de serviço' (indica_usuario_servico), bloqueio de endpoints e tratamento de expiração de sessão."
2026-07-27,4h,coding,Mesclagem de suporte a GpeCon em outras telas administrativas. | Integração do fluxo de senha via link por e-mail validada e tela de desbloqueio em pleno funcionamento.
2026-07-28,1h 30m,definitions,"Deploy em QA e solução de problemas de SMTP (3.11-NT): Publicação da versão em https://qa-ux-app.linx.com.br/3.11-NT/ e diagnóstico de erro de autenticação 535 no relay SMTP do Office 365. | Validação do novo campo na auditoria, tratamento de mensagens de tentativas restantes de login e homologação do deploy no ambiente QA 3.11-NT."
2026-07-28,2h,coding,"Implementação validada, ajustando inclusão de usuário de serviço na auditoria e mensagem de erro com quantidade restante de tentativas no login."
2026-07-29,5h 15m,coding,"Adição de CI de compilação e correção de referências do projeto Core: Criação de workflow no GitHub Actions para compilar soluções .NET Framework no Windows e bibliotecas netcoreapp no Linux. Substituição de caminhos fixos de NuGetFallbackFolder por PackageReferences em Linx.Security.Core e inclusão de HintPath explícito para Newtonsoft.Json. | Correção no CI de compilação para targeting pack net461 e pós-build: Instalação do developer pack do .NET Framework 4.6.1 em runners Windows, limpeza de PostBuildEvents específicos de máquina e compilação de bibliotecas Core no Windows para viabilizar comandos xcopy quando necessários. | Desbloqueio dos alvos restantes do CI de compilação: Redirecionamento do WinHost de net40 para net461 compatibilizando com Internet.Application, e suporte a SkipPostBuild no CI para License.Client Core/WebAPICore. | Ignorar pós-build de License.Client.WebAPICore no CI: Suporte a SkipPostBuild para compilar o conjunto de projetos Core sem exigir pastas de destino Binary locais. | Adição de notas de configuração do ambiente dev no Cursor Cloud (AGENTS.md). | Documentação esclarecendo que Service/Portal/Application em .NET Framework não rodam nativamente no Linux (Mono/XSP inviáveis). | Criação de GitHub Actions CI para gerar artefatos compilados de Application, Portal e Service."
2026-07-30,20m,meeting,"Reunião Teams 'Status SI - PDR' com Marcelo Padial e Francisco Solano (16:24 - 16:43, 19m 39s): Revisão do chamado sobre erro de envio de e-mail SMTP no QA 312 e escalonamento para a infraestrutura."
2026-07-30,5h 15m,coding,"CI: Instalação do targeting pack do .NET Framework 4.6.1 e deduplicação de gatilhos de execução. | CI: Escopo de Application restrito ao projeto web, neutralização de eventos pós-build e inclusão do RIA SDK para o Service. | CI: Exclusão de diretórios de saída obsoletos commitados dos pacotes de artefatos. | Documentação do workflow de CI de geração de artefatos no AGENTS.md. | CI: Geração de pacotes .zip deployáveis por aplicação (web publish / raiz montada do service). | CI: Empacotamento de web apps a partir da saída do Web Publishing Pipeline (PackageTmp). | Documentação do empacotamento de CI (pacotes .zip deployáveis por aplicação) no AGENTS.md."
2026-07-31,3h,coding,Resolução do problema de envio de e-mail com SMTP Linx e desbloqueio automático de usuário após alteração de senha no fluxo de e-mail. | Correção para redirecionar de volta ao login após alteração de senha expirada.
2026-08-03,1h 30m,meeting,"Reunião Teams 'Status SI - PDR' com Marcelo Padial, Francisco Solano, Pedro Reis e Luiz Henrique Santos (17:06 - 18:34, 1h 27m 51s): Planejamento dos marcos da próxima fase, distribuição de pacotes SI-PDR e roadmap para SSO/MFA."
2026-08-03,45m,definitions,Geração e envio do pacote de deploy SI-PDR 1.zip para Pedro Matheus e alinhamento do escopo de SSO e MFA nas telas do Portal com Marcelo Padial.
2026-08-03,3h,coding,Desenvolvimento do fluxo de auditoria de desbloqueio de contas. | Criação de tarefa de automação para geração de pacotes de deploy.
2026-08-04,45m,meeting,"Alinhamento de arquitetura de SSO com Francisco Solano e Marcelo Padial: Análise do arquivo legado AutorizacaoDomainService.UserExtension.cs, limitações entre domínios no LDAP do Windows AD e requisitos de SSO multi-tenant."
2026-08-04,1h,definitions,Análise técnica de AutorizacaoDomainService.UserExtension.cs e diagnóstico de limitações de autenticação em domínios heterogêneos com Francisco Solano.
2026-08-04,2h,coding,Adição de evento de auditoria no desbloqueio durante a troca de senha pelo próprio usuário.
2026-08-05,3h,definitions,"Elaboração do Documento de Decisão de Arquitetura de SSO (Decisão sobre SSO / Integração de Single Sign-On no Linx Framework): Definição da arquitetura Open/Closed, modelo híbrido de provedores de identidade (LDAP vs. Windows Integrated Kerberos vs. OIDC/SAML Entra ID), mapeamento em TCS_IDENTIDADE_EXTERNA e plano de rollout incremental. | feat(ci): CI/CD AWS IIS para Application, Service e Portal — Adição de pipeline SI-PDR no host EC2 Windows compartilhado: garantia de Build Tools e sites IIS (8080/8081/8082), execução de stack-to-publish + deploy-to-linx-framework via SSM e limpeza de C:\lx. Ajuste de caminhos Main\ e inclusão de Linx.Tools na ordem de build."
2026-08-05,11h 30m,coding,"docs: Inclusão de link para o CI do AWS IIS no arquivo TASKS.README. | fix(ci): Ajuste no vswhere para localizar o MSBuild do VS 2022 Build Tools: Inclusão do parâmetro `-products *` no vswhere e adição do diretório bin do MSBuild ao PATH no Ensure-BuildTools. | fix(ci): Garantia do targeting pack do .NET Framework 4.6.1 no Build Tools: Modificação in-place da instalação do Build Tools para incluir componentes do .NET 4.6.1 com fallback para o pacote Chocolatey netfx-4.6.1-devpack. | fix(ci): Detecção de pacote net461 incompleto e instalação do developer pack: Verificação da presença de mscorlib.dll nas pastas de referência e instalação automática via netfx-4.6.1-devpack. | fix(ci): Otimização na transferência de pacotes SI-PDR e redução do zip: Uso preferencial de `aws s3 cp` no host (com instalação da AWS CLI via Ensure-BuildTools), logs de download e exclusão de node_modules/Mobile/nupkg para reduzir zips de ~1GB. | fix(ci): Instalação da AWS CLI no host de compilação Windows: Necessária para download rápido de pacotes via S3 em vez de Invoke-WebRequest em máquinas t3.small com memória restrita. | fix(ci): Redução de exclusões do zip fonte do SI-PDR: Exclusão de node_modules, Mobile e nupkg do pacote de CI para acelerar transferências na t3.small. | fix(ci): Download de zip do SI-PDR com fallback para curl.exe: Prevenção de travamentos do Invoke-WebRequest, priorizando `aws s3 cp`, depois streaming com curl.exe do Windows. | fix(ci): Inclusão de AssemblyInfoShared.cs em Linx Program Files: Cópia do arquivo compartilhado de Main/Binary para `C:\Linx Program Files\Linx Framework 6.0.0\information` durante o Ensure-IisSiPdr para viabilizar compilação em hosts recém-criados. | fix(ci): Cópia da Framework Library de Main/Binary para o MSBuild: Cópia via robocopy de Main/Binary/Library para `C:\Linx Program Files\Linx Framework 6.0.0\Library` para satisfazer os HintPaths dos projetos BV. | fix(ci): Tratamento de xcopy do PostBuildEvent de Help no BV em checkouts limpos: Criação de pasta de Help e estrutura necessária em Binary antes do publish para evitar falhas de pós-build. | perf(ci): Uso de tar.gz + tar.exe no lugar de Expand-Archive: Substituição do Expand-Archive do PowerShell (que demorava ~10 minutos no pacote de 760MB) por tar.gz com extração rápida via tar.exe nativo do Windows. | fix(ci): Instalação do VS WebBuildTools para WebApplication.targets: Resolução do erro MSB4226 em Linx.Framework.BV.SPA garantindo a presença do Microsoft.WebApplication.targets. | chore(ci): Remoção de atribuição duplicada de binaryRoot no script de automação. | fix(ci): Instalação do WebBuildTools via pacote de workload do Chocolatey: Utilização do pacote visualstudio2022-workload-webbuildtools com fallback para vsconfig."
2026-08-06,45m,meeting,Reunião de kickoff do roadmap de Segurança e SSO com Marcelo Padial e Thiago Santos: Alinhamento sobre o escopo de integração com OIDC / Microsoft Entra ID para Portal e Aplicação.
2026-08-06,5h 45m,coding,"fix(si-pdr): Configuração de redirects de assemblyBinding do MVC no web.config do IIS: Prevenção de erro FileLoadException de System.Web.Mvc (3.0 vs 4.0) na porta 8080 aplicando configurações de Binary no deploy. | fix(deploy): Sincronização de web.config de Binary para sites IIS a cada deploy: Garantia de que redirects de assemblies do MVC não sejam sobrescritos por arquivos stub. | fix(si-pdr): Binding do Service na porta :1710 para o ServiceBus da Aplicação: Configuração da porta 1710 no IIS para atender chamadas do ServiceBus da porta 8080 e cópia completa dos arquivos de site. | fix(ci): Recuperação de logs de falha do SI-PDR e endurecimento de saídas de pipeline: Tratamento do limite de 24KB do stdout do SSM, isolamento de scripts Ensure/publish/deploy e supressão de ruídos de transferência. | fix(ci): Aspas em caminhos com espaços nos argumentos de Start-Process: Correção na invocação do Ensure-IisSiPdr para tratar caminhos com espaços como `C:\Linx Program Files\...`. | fix(ci): Compilação de Application em Release|Any CPU ignorando WinHost: Fixação da plataforma Any CPU no MSBuild para não compilar o WinHost (ClickOnce net40) e filtragem de logs de erro. | fix(iis): Binding do Portal na porta :8172 para funcionamento de PortalUrl no localhost: Adição do binding 8172 e liberação no firewall para atender redirecionamentos locais de autenticação."
2026-08-07,30m,definitions,fix(si-pdr): Bindings das portas IIS Express 8172/8174 para redirecionamentos do Portal: Configuração das portas 8172 e 8174 como aliases no IIS para evitar erro ERR_CONNECTION_REFUSED no navegador.
2026-08-07,12h 45m,coding,chore(si-pdr): Menção aos aliases de portas 8172/8174 no banner de sucesso do pipeline. | fix(si-pdr): Sobrescritas SQL no login do Portal e porta :8082 no Service: Correção do login do Portal no AWS ajustando apontamentos de banco e portas de serviço. | fix(si-pdr): Uso de ShellMode PROD para exibição correta dos nomes de banco nos cards de módulos: Ajuste para que a home do Portal exiba os nomes de bancos configurados. | ci(si-pdr): Passagem da secret opcional SI_PDR_SHELL_MODE para o SSM. | fix(si-pdr): Desativação do modo DEV do LocalServiceBus para uso do usuário autenticado no Portal: Ajuste para que as chamadas do Service utilizem o usuário da sessão em vez de credenciais fixas de dev. | ci(si-pdr): Passagem de SI_PDR_LOCAL_SERVICEBUS_MODE para o SSM. | fix(si-pdr): Aplicação do Web.config do QA Service com ShellMode PROD: Atualização do arquivo de configuração do Service em Main/Binary/Service. | fix(si-pdr): Aplicação de web.configs de QA em Binary e portas IIS 8174/8172/1710: Atualização das connection strings de QA e portas de binding em todas as aplicações. | ci(si-pdr): Reexecução do deploy com web.configs de QA após cancelamento. | ci(si-pdr): Redisparo do deploy com as novas configurações de QA. | ci(si-pdr): Deploy dos web.configs de QA com o host liberado. | perf(si-pdr): Aceleração do publish com workspace incremental e skip_build: Persistência do workspace em `C:\lx\si-pdr` para evitar recomilações desnecessárias. | fix(ci): Inclusão de UTF-8 BOM e caracteres ASCII puros em Ensure-IisSiPdr para compatibilidade com PowerShell 5.1. | docs(si-pdr): Documentação do workspace persistente em `C:\lx\si-pdr` para builds incrementais. | fix(si-pdr): Configurações de e-mail Office365 e diagnóstico de erro 500 no login do Service: Ajustes de credenciais SMTP e diagnóstico de falhas no login. | fix(si-pdr): Limpeza de comentários e ajustes de timeouts em connectionStrings do Service. | fix(si-pdr): Remoção de bloco de comentários ambíguo em connectionStrings do Service.
2026-08-10,45m,definitions,Recepção e validação de credenciais de SSO (SSO_CLIENT_ID e SSO_TENANT_ID) alinhadas com o padrão do OmniPOS com Marcelo Padial e André Oliveira.
2026-08-10,8h 30m,coding,"fix(si-pdr): Diagnóstico de travamento no Service e isolamento de Application Pools no IIS: Investigação de timeouts nas portas 1710/8082 e isolamento de processos. | Tratamento de timeout e isolamento de pools de aplicação no IIS. | merge: Integração do fluxo de senhas, auditoria de autenticação e UI de Bloqueado na branch new-features: Consolidação das melhorias de segurança e autenticação. | feat: Link de senha de 5min, ID_LINX na auditoria, botão esqueci senha no rodapé do login e filtro Bloqueado: Validade de 5 minutos no token de reset, auditoria em TCS_LOG_ACESSO_AUTH com canal 'Alteração de senha', persistência de ID_LINX e posicionamento do botão esqueci senha. | feat: SSO com Azure AD (MSAL) no Portal conforme guia do OmniPOS: Adaptação do padrão MSAL ForceLogin + mapeamento UPN->usuário local para web: MSAL.NET confidential client, chave SSO_* em PortalSettings, botão 'Entrar com Microsoft' e contingência offline (SSO_PERMITE_OFFLINE). | merge: Publicação de new-features (SSO, senha 5min, Bloqueado) no CI da AWS: Mesclagem na branch SI-PDR-CICD-AWS com resolução de conflitos mantendo portas de QA e configurações de SSO. | fix(sso): Exigência de confidential client para URL de autorização no Portal: Ajuste para uso de SSO_CLIENT_SECRET + confidential client no MSAL 4.54 para web. | ci(si-pdr): Redisparo do deploy no AWS IIS após correção de compilação do MSAL de SSO. | ci(si-pdr): Atualização de arquivo de SSO para acionar os filtros de path do AWS IIS no CI."
2026-08-11,2h 30m,coding,"perf(si-pdr): Otimização no publish do CI Windows AWS: Redução no tamanho do pacote omitindo Binary/Library (~400MB) e bins preservados no host, uso de gzip -1 e junção de bibliotecas. | fix(si-pdr): Aplicação de connectionStrings do QA 3-12 Service para AWS IIS: Configuração das conexões de FrameworkAutorizacao / LocalSqlServer / catálogo de apps para compatibilidade com o ambiente de QA. | fix(si-pdr): Atualização de connectionStrings do Service de QA 3-12 no IIS AWS com remoção de timeout curto."
2026-08-14,45m,definitions,Inspeção do fluxo de MFA do Azure no Linx ERP e acompanhamento do chamado na tarefa ENTERCLOUD-41713 com Francisco Solano.
2026-08-18,3h 30m,definitions,"docs: Comparativo entre versão original e SI-PDR-CICD-AWS: Enumeração dos 68 commits e 813 arquivos adicionados por SI-PDR-CICD-AWS, mapeamento para tarefas do VS Code e documentação de pacotes para download. | docs: Comparativo entre versão original e branch GpeCon com footer: Enumeração dos 17 commits do footer, commit de tarefas do VS Code e diff de 768 arquivos. | docs: Documentação de alternativas de download para o zip de 84MB de arquivos alterados: Criação de partes divididas de 8MB e zips somente de código-fonte sob a pasta packages/. | Sincronização de branch e deploy de alterações no VSTF com Marcelo Padial."
2026-08-19,1h 20m,meeting,"Reunião gravada Status SI - PDR com Marcelo Padial (10:47 - 12:06, 1h 18m): Alinhamento do fluxo de autenticação SSO no Portal e elaboração de documentação técnica Linx-UX-SSO-Portal.docx."
2026-08-24,1h 30m,definitions,"docs(cursor): Inclusão do plano de MFA TOTP como regra de Framework UX: Registro do design de MFA acordado para Portal/Service/Application (por GPECON, cadastro pós-seleção de empresa, auditoria e dispositivo confiável). | Alinhamento e detalhamento da especificação de entrega de SSO/MFA com Marcelo Padial (telas de usuário, ativação de MFA TOTP e fallback)."
2026-08-25,1h,meeting,"Reunião gravada Status SI - PDR com Marcelo Padial e Thiago Vieira (14:41 - 15:37, 56m): Alinhamento sobre isolamento de credenciais e tenant ID do Azure Entra ID versus Omni POS."
2026-08-25,3h 45m,coding,"feat(mfa): Adição de APIs de serviço TOTP e schema LX_TCS: Service como fonte de verdade para TOTP Linx (UX/PDV/CLIENTE_CONNECT). Criação de TCS_GPECON_MFA / TCS_USUARIO_MFA / TCS_USUARIO_MFA_DISPOSITIVO, flags de usuário, rotinas de cadastro/confirmação/validação/revogação e controle de bloqueio. | feat(mfa): Desafio de MFA após seleção de empresa e validação de tickets na Aplicação: Interceptação em Home/Redirect no Portal com exibição de QR ou código de 6 dígitos e passagem de mfaTicket. Bloqueio de acessos na Aplicação sem ticket válido. | feat(mfa): Inclusão das opções 'Utiliza SSO/MFA' e 'Revoga MFA' nas telas de usuário: Carga e salvamento de flags em CadastroUsuarioLocal e CadastroUsuarioAutenticacao via LinxFrameworkAutorizacao. Habilitação de 'Revoga MFA' apenas quando há segredo cadastrado. | merge: Mesclagem de SI-PDR-CICD-AWS (configurações de IIS do QA 3-12) na branch de MFA para publicação."
2026-08-26,10h 15m,coding,"ci(si-pdr): Redisparo de smoke tests no IIS após reconexão da VPN. | fix(si-pdr): Preservação do web.config SQL de QA e Linx.Portal.dll com MFA no IIS AWS: Backup de configurações de banco e deploy de assemblies com suporte a MFA. | fix(mfa): Correção no loop de clique em ambiente voltando para o Portal: Ajuste em GetMfaStatus para reaproveitar conexões e não gerar redirecionamentos infinitos. | fix(mfa): Solicitação de novo código TOTP em caso de ticket expirado: Ajuste para que a Aplicação solicite novo desafio de MFA ao invés de exibir mensagem genérica de erro. | fix(si-pdr): Parada de sites IIS antes do publish e captura de erros da compilação atual no MSBuild. | fix(mfa): Chamada a MfaTotp.UnixTimeSeconds na emissão e validação de tickets: Correção do erro CS0103 no MSBuild movendo o helper de cálculo de timestamp Unix para MfaTotp. | ci(si-pdr): Execução do workflow AWS IIS em PRs para a branch new-features. | fix(mfa): Ajuste na chamada a UnixTimeSeconds na emissão/validação de tickets de MFA. | fix(si-pdr): Inicialização de pools de aplicação no IIS após publish em vez de reciclar: Garantia de que pools parados sejam iniciados explicitamente após restauração do web.config. | fix(si-pdr): Inicialização de pools e sites IIS após deploy e remoção de cancelamento por PRs pendentes. | fix(mfa): Inclusão de UTF-8 BOM e fileEncoding no Portal para correta exibição de acentos no IIS: Salvamento de views Razor e arquivos C# com UTF-8 BOM para evitar problemas de acentuação como 'cÃ³digo'. | fix(mfa): UTF-8 BOM nos demais arquivos com strings em português de autenticação e MFA: Aplicação de UTF-8 BOM em arquivos de SSO, bloqueio, APIs de MFA do Service e mensagens de erro."
2026-08-27,1h 30m,coding,"feat(sso): Configuração de Client ID, Tenant ID e Object ID do Azure AD no Portal: Ativação de SSO no Portal apontando para o app registration do Entra ID de QA. | fix(mfa): Fixação do botão 'Voltar aos Ambientes' no canto inferior direito da janela de desafio de MFA."
2026-08-28,5h,coding,fix(sso): Cópia dos assemblies MSAL para o diretório bin do Portal no IIS durante deploy: Resolução de FileNotFoundException para Microsoft.Identity.Client. | fix(sso): Injeção de Azure Client Secret no IIS a partir de secret do GitHub Actions: Aplicação dinâmica de SSO_CLIENT_SECRET no host sem expor segredos no git. | ci(sso): Republicação para aplicação de SI_PDR_SSO_CLIENT_SECRET no IIS. | fix(sso): Leitura de client secret do Azure a partir do S3 de CI quando secret do Actions estiver vazio: Garantia de injeção de credenciais de SSO no IIS. | fix(mfa): Exigência do código TOTP de 6 dígitos após leitura do QR Code e em todos os logins: Manutenção do campo de código na tela junto ao QR e limpeza de sessão anterior. | fix(sso): Injeção do segredo em PortalSettings no IIS e exibição de exceções detalhadas do MSAL em /Account/SsoLogin.
2026-08-31,1h,meeting,"Reunião de alinhamento de registro de App no Azure e Callbacks de SSO com Larissa Sant Ana, Ronaldo Rabola e Marcelo Padial: Diagnóstico de permissões do Client ID (a12d70ec-56e1-4d03-a8ca-d4dfb31263cb), Tenant ID e configuração de redirect URIs."
2026-09-01,30m,definitions,Levantamento de endpoints de servidores SSO: Coordenação com Francisco Solano e Larissa Sant Ana sobre URLs de ambientes para cadastro de redirect URIs em QA e produção.
2026-09-02,1h 30m,definitions,"Especificação completa de callbacks de SSO para registro de apps no Azure: Desenvolvimento (https://qa-ux-app.linx.com.br/3.12/Account/SsoCallback), Homologação (https://hml-ux2-app.linx.com.br/Account/SsoCallback) e Produção (https://ux-app.linx.com.br/Account/SsoCallback). | Definição técnica dos Redirect URIs e callback URLs de SSO para os ambientes de Dev (3.12), Homologação (HML) e Produção com Francisco Solano e Marcelo Padial."
2026-09-02,1h 15m,coding,ci(iis): Ignorar MSBuild quando apenas views Razor (.cshtml) forem alteradas para deploy rápido de arquivos no IIS. | fix(mfa): Uso da instrução solicitada para o desafio de 6 dígitos: Exibição do texto 'Para continuar é necessário digitar o código gerado no aplicativo'.
2026-09-07,1h 30m,coding,fix(mfa): Aplicação da fonte Dosis do Portal e capitalização do título de 6 dígitos conforme padrão visual 'VERIFICAÇÃO EM DUAS ETAPAS'. | fix(mfa): Manutenção do texto do rótulo em sentence-case contra estilos globais em maiúsculas do CSS do Portal.
2026-09-09,1h 30m,definitions,"docs: Documentação do login do Portal com APIs de SSO e MFA: Visão geral em português e passo a passo técnico do fluxo de autenticação. | docs: Adição de cookbook desktop em .NET para APIs de SSO e MFA: Guia técnico com exemplos em C# de chamadas HttpClient para primeiro fator, SSO e desafio TOTP. | docs: Inclusão de links entre as notas do Portal SSO e o cookbook de APIs de MFA."
2026-09-09,3h,coding,"feat(samples): Criação de POC desktop em .NET 8 para login no Service, SSO e MFA: Aplicação de console demonstrando autenticação completa de primeiro fator, SSO e MFA TOTP. | feat(iis): Publicação de documentação e cliente de exemplo em `C:\Sample-SSO-MFA` no host Windows. | feat(iis): Compilação de executável autocontido win-x64 do exemplo SSO/MFA em `C:\Sample-SSO-MFA`."
2026-09-10,4h 15m,coding,fix(auth): Envio de parâmetro criptografado vazio em PortalUserAccess: Compatibilização do cliente desktop com o Service tratando parâmetros em branco sem disparar ArgumentOutOfRangeException. | feat(samples): Adição do parâmetro `--list` para listar ambientes em PortalUserAccess: Permite que a POC de console liste todos os ambientes disponíveis após o primeiro fator sem executar MFA. | fix(mfa): Impressão do segredo de cadastro e ampliação da tolerância de tempo do TOTP: Ajuste na validação de código TOTP com tolerância de ±60 segundos para compensar desvios de relógio. | fix(mfa): Exibição do QR Code de cadastro enquanto o bloqueio temporário de TOTP estiver ativo: Manutenção da exibição do QR Code mesmo em caso de erro para permitir novo escaneamento. | fix(mfa): Recarregamento de tela de desafio a partir de /Mfa/Verify após bloqueio: Redirecionamento de GET Verify para Challenge para restaurar imagem do QR Code.
2026-09-11,30m,meeting,Alinhamento de acompanhamento sobre callbacks de SSO com Marcelo Padial: Revisão do andamento dos registros de aplicativos no Azure AD e agendamento de testes finais.
2026-09-14,45m,meeting,"Kickoff de integração do MFA no PDV com Wagner Fernandes: Repasse do pacote de referência Sample-SSO-MFA.zip, esclarecimento dos endpoints de API do Linx TOTP e alinhamento da estratégia para PDV."
2026-09-15,5h 15m,coding,"feat(login): Login com identificador primeiro (Identifier-First), depois senha e SSO: Tela de login solicita primeiro o nome de usuário; botão Continuar carrega a senha e, para usuários com 'Utiliza SSO', exibe 'Entrar com Microsoft'. | fix(sso): Restauração da sobrecarga do método GetAuthorizationUrlAsync na interface: Correção de assinatura em IAuthenticationService para compatibilidade com o Portal SSO. | fix(iis): Continuidade do publish do Portal em caso de falha na injeção do secret de SSO: Manutenção dos pools de aplicação em execução para não interromper o deploy do login Identifier-First. | chore(login): Forçar compilação completa no MSBuild do IIS para o login com identificador primeiro. | fix(iis): Não falhar o publish do Portal caso a pasta de drop de amostras esteja bloqueada: Tratamento para que `C:\Sample-SSO-MFA` seja opcional sem derrubar os pools de aplicação. | fix(iis): Retentativa na gravação do web.config quando a injeção do segredo de SSO encontrar trava de arquivo: Tratamento de concorrência com o processo w3wp. | fix(iis): Preservação do secret de SSO ativo durante a restauração do web.config: Garantia de que a restauração de Binary não apague SSO_CLIENT_SECRET no Portal."
2026-09-16,45m,meeting,"Validação de registro de aplicativos no Azure e Callbacks com Larissa Sant Ana e Marcelo Padial: Configuração bem-sucedida de redirect URIs para APP_LinxUX_3_12, APP_LinxUX_HML e APP_LinxUX_PRD_UX2 no Azure Entra ID."
2026-09-16,45m,definitions,Alinhamento de arquitetura da biblioteca de cliente de MFA com Wagner Fernandes: Esclarecimento sobre classes wrapper de API versus arquitetura de DLL compartilhada para consumo pelo PDV e Aplicação.
2026-09-16,45m,coding,"fix(sso): Persistência da flag 'Utiliza SSO' ao salvar nas telas de administração de usuários: Captura de flags de sobreposição após dataBind, bypass de saveChanges vazio do Breeze, sincronização com SetUserMfaFlags e inclusão de INDICA_UTILIZA_SSO em CadastroUsuarioLocal e CadastroUsuarioAutenticacao."
2026-09-17,1h 15m,definitions,"chore(sql): Criação de scripts SQL idempotentes para o esquema de SSO e MFA no banco de dados (tabelas TCS_LOG_ACESSO_AUTH, TCS_USUARIO_SSO_VINCULO, colunas de flags e exemplos de aplicação). | Deploy e homologação da versão com suporte a MFA e SSO no ambiente QA 3.11-NT (https://qa-ux-app.linx.com.br/3.11-NT/) e alinhamento com Wagner Fernandes."
2026-09-22,30m,meeting,Reunião de alinhamento e pareamento com Francisco Solano (17:30): Preparação de ambiente e suporte técnico para a apresentação executiva do projeto Linx UX / SI-PDR.
2026-09-22,2h,coding,"fix(auth): Bloqueio de usuários de serviço no Portal e permissão de acesso via API: Recusa de INDICA_USUARIO_SERVICO nos canais Portal e PortalSSO (identifier-first, senha, SSO e PortalUserAccess) mantendo funcionamento nos canais Desktop e Service. | fix(auth): Correção de conflito de nomenclatura de UsuarioAcesso em PortalUserAccess: Qualificação explícita de AutorizacaoDomainService evitando colisão com o namespace UsuarioAutorizacao.UsuarioAcesso. | fix(auth): Manutenção do funcionamento de GetPortalLoginOptions sem coluna de serviço: Inicialização segura de INDICA_USUARIO_SERVICO na tabela de MFA com fallback para consulta de duas colunas em caso de erro."
2026-09-23,45m,definitions,Validação do fluxo passo a passo de autenticação MFA (Login Primário -> Tela MFA -> Confirmação) com Wagner Fernandes para integração com o PDV utilizando o projeto de exemplo.
2026-09-23,1h 15m,coding,fix(auth): Resolução da flag de usuário de serviço via Entity Framework no botão Continuar: Eliminação de timeout de segunda conexão SQL lendo a flag diretamente no contexto EF de login. | fix(sso): Continuidade do fluxo após autenticação no Azure utilizando o NomeAutenticacao do botão Continuar: Armazenamento do login Linx em sessão para autenticação no callback sem dependência do prefixo UPN do Azure.
2026-09-24,45m,definitions,Suporte técnico a Francisco Solano e diagnóstico de instabilidade na VPN e cache de credenciais do Windows após alteração nas configurações de SSO.
2026-09-24,10h 15m,coding,"feat(sso): Registro de auditoria de todo o processo de SSO do Portal na tabela TCS_LOG_ACESSO_AUTH: Gravação de cada etapa do fluxo (identificação, redirecionamento, callback, vínculo UPN e falhas) no canal PortalSSO. | feat(sso): Preenchimento automático do login_hint da Microsoft com o e-mail do cadastro de usuário: Envio do UPN/e-mail no authorize URL do MSAL para agilizar a autenticação na conta corporativa. | feat(sso): Persistência de vínculo do Azure (OID+UPN), rejeição de divergência de conta e implementação do fluxo de Revogar SSO: Gravação em TCS_USUARIO_SSO_VINCULO, bloqueio de contas divergentes com código SSOF-LINK e liberação de revogação. | fix(sso): Uso de string CurrentUserName ao registrar auditoria de Revogar SSO: Correção de tipo no Business View evitando conversão incorreta de Guid do LocalServiceBus. | fix(sso): Resolução de operações de vínculo de SSO através da conexão EF de login: Eliminação de timeouts no host AWS unificando consultas de Check/Bind/Revoke via SqlQuery. | fix(sso): Retorno de JSON SSOF-REV quando a revogação não conseguir abrir conexão SQL: Tratamento para registrar evento de auditoria em vez de retornar erro HTTP 500. | feat(license): Bloqueio de acessos não licenciados no UX utilizando regras do Omni License Server: Validação de flags de inatividade, descontinuação, bloqueio financeiro e limites de cota. | feat(license): Validação de login no UX contra a API de licenciamento de aplicações do Omni: Substituição do cliente legado por chamadas de Authentication, billing/Validate e Revoke com credenciais de homologação. | pack: Criação do pacote de atualização direta de MFA e SSO (SQL + DLLs relativas ao IIS): Estruturação de kit em packages/MFA-SSO-UPDATE com scripts SQL e binários compilados para implantação rápida. | test(license): Cobertura de testes de autenticação em HML para sucesso e senha incorreta: Testes automatizados validando leitura de Web.config do Service e tratamento de exceções LicenseException."
2026-09-25,2h 45m,definitions,"docs: Elaboração de guia em PDF em português sobre o fluxo de MFA e SSO via API: Documentação visual dos passos de autenticação e catálogo de endpoints para integradores. | docs: Elaboração de documento DOCX sobre MFA e SSO no Portal: Guia completo cobrindo jornada de telas, parâmetros de configuração da empresa e ativação de Single Sign-On. | docs: Inclusão do fluxo completo de SSO e Revogar SSO no guia do Portal: Documentação passo a passo do fluxo Microsoft e códigos de evento da tabela TCS_LOG_ACESSO_AUTH. | docs: Elaboração de guia do usuário focado exclusivamente em Single Sign-On (SSO): Documentação com jornada do usuário, vinculação de conta Microsoft e requisitos de infraestrutura. | Elaboração e entrega da documentação técnica exclusiva das APIs de autenticação MFA e SSO (Linx-UX-Autenticacao-MFA-SSO-API.pdf) para Wagner Fernandes (PDV)."
2026-09-25,3h,coding,fix(ui): Exibição contínua do botão Revoga SSO ao lado de Revoga MFA no formulário e na barra de ferramentas: Ajuste de visibilidade e renderização independente do layout salvo. | fix(ui): Inclusão do botão Revoga SSO nas telas de Cadastro e Manutenção de Usuários: Adição de botões Revoga MFA e Revoga SSO na toolbar e formulário do pacote pkg_linx-framework-bv-spa. | fix(ui): Habilitação de Revoga MFA e Revoga SSO condicionada às flags de Utiliza: Ajuste para que a visibilidade e ativação dos botões de revogação respeitem o estado das flags nos cadastros de usuário.
2026-09-26,30m,definitions,Acompanhamento de dúvidas técnicas no final de semana sobre integração do fluxo de autenticação com a equipe de desenvolvimento.
2026-09-28,30m,meeting,Reunião diária e alinhamento de suporte técnico com Wagner Fernandes para esclarecimento de dúvidas da integração de MFA/SSO no PDV.
